CH1,CH2,CH3,CH4,CH5,Command
6.77,3.139,1.829,5.239,6.536,1
9.245,3.687,1.431,4.629,10.105,1
13.48,3.542,2.917,4.624,11.291,1
30.721,3.702,5.277,4.825,22.889,1
21.295,2.259,3.542,2.954,17.362,1
8.231,1.008,2.344,2.135,7.954,1
9.104,0.951,3.206,1.876,9.635,1
7.811,0.963,3.545,1.933,4.794,1
8.744,0.653,4.013,2.044,2.525,1
3.75,0.702,3.111,1.247,2.335,1
2.781,1.036,1.067,1.29,3.044,1
3.49,0.993,2.307,1.241,5.242,3
4.067,1.376,7.153,1.14,7.465,3
29.686,2.017,7.96,1.115,8.707,1
193.427,2.335,3.117,1.79,42.208,1
141.732,1.76,2.943,1.866,32.355,1
17.625,0.712,1.623,1.739,6.443,3
1.955,1.771,1.273,1.877,4.015,3
5.33,5.144,4.729,3.188,3.429,1
22.155,4.851,7.01,3.991,7.621,2
17.108,4.118,4.334,3.763,9.756,2
8.671,4.971,3.872,3.394,6.091,2
11.613,5.635,4.46,3.297,3.331,2
6.757,4.197,2.307,4.037,2.654,2
5.816,2.603,1.649,3.169,2.622,2
34.692,2.433,1.961,2.994,3.171,2
84.405,2.543,2.289,3.558,4.002,2
42.459,2.881,3.344,4.353,5.718,2
60.431,2.939,2.697,4.173,19.642,2
85.921,2.183,1.854,4.111,29.324,2
36.192,1.468,2.594,4.056,18.346,2
40.276,2.88,7.063,3.615,30.135,2
49.057,3.068,6.207,4.718,31.611,1
19.633,1.406,3.043,3.502,11.723,1
3.84,1.242,2.246,1.58,1.938,3
3.52,1.574,3.08,2.118,2.887,3
5.402,1.981,2.314,2.358,2.957,3
14.979,2.053,1.31,2.168,3.779,3
14.899,1.359,1.592,1.463,3.39,3
4.803,2.195,1.841,2.137,3.818,3
6.28,2.21,1.724,3.779,5.081,3
9.397,1.411,3.181,5.588,4.96,3
19.347,1.07,4.247,4.337,4.853,3
12.999,1.357,2.157,1.944,3.285,3
6.26,1.564,1.844,2.333,3.332,3
8.364,2.839,3.904,3.852,6.456,3
14.851,3.643,7.604,6.452,12.371,3
9.329,1.478,5.933,4.195,9.725,3
9.098,2.057,3.959,4.512,9.083,3
10.495,4.033,6.025,7.135,10.824,3
4.889,4.395,6.037,6.446,7.274,1
2.569,2.88,3.662,4.502,3.425,2
2.566,1.852,3.211,2.431,2.929,2
2.75,1.728,2.294,2.002,4.121,2
8.289,2.172,1.108,3.125,6.421,2
23.305,2.482,0.719,4.361,6.312,2
16.954,2.21,1.626,4.026,2.858,2
4.771,2.533,3.835,5.571,1.451,2
21.09,3.015,5.595,5.094,6.993,2
175.459,3.662,5.195,3.055,51.257,1
133.342,3.24,4.689,2.798,40.57,1
19.374,2.204,2.533,2.298,7.634,3
60.003,1.362,1.141,2.1,1.696,1
768.132,0.636,2.096,1.971,1.863,1
704.944,0.913,2.526,1.094,1.447,1
126.361,1.455,1.763,0.975,2.286,1
8.949,2.484,3.05,2.98,7.858,1
7.796,2.075,3.647,2.794,7.093,1
3.389,1.698,1.573,1.488,2.488,1
2.588,1.3,0.777,1.42,1.504,1
2.563,0.722,0.778,1.254,1.317,3
2.153,0.525,0.885,1.102,1.761,3
1.512,0.858,0.616,0.939,1.188,3
4.005,1.343,1.347,1.385,2.551,3
7.392,1.535,2.26,2.15,4.071,3
7.035,1.206,1.85,2.033,3.49,3
3.732,0.457,0.858,1.416,3.013,3
5.96,0.466,0.674,1.13,1.976,1
9.705,0.891,1.175,1.309,1.974,1
10.183,1.627,2.091,1.647,4.215,1
47.927,2.322,3.838,2.618,22.039,1
43.996,1.45,5.433,1.966,21.041,3
9.394,0.74,3.486,1.355,6.772,3
2.427,1.999,2.536,1.964,2.304,3
47.594,3.009,2.275,3.093,20.19,3
143.327,2.302,5.955,3.75,55.323,3
99.361,2.189,8.383,3.226,37.74,3
19.572,2.061,3.802,1.993,7.984,3
35.829,2.751,0.683,0.99,13.959,3
17.961,2.569,0.649,0.894,7.652,3
2.97,3.384,0.847,1.278,1.972,3
0.958,3.23,1.82,2.376,1.527,3
4.24,3.628,4.58,4.161,4.887,3
19.086,4.261,3.826,3.836,6.215,1
353.05,3.979,1.6,2.589,6.136,1
861.37,2.792,1.16,1.62,3.769,2
303.897,2.465,3.029,2.368,3.337,1
18.413,4.964,4.488,4.546,4.77,1
46.612,9.47,5.487,7.37,4.848,2
77.59,9.645,7.475,5.662,4.423,2
44.417,7.488,11.249,6.77,5.407,2
26.515,7.478,9.883,8.173,6.623,2
10.053,6.616,6.462,4.273,5.891,2
3.283,3.18,4.299,2.415,2.893,2
4,3.225,4.265,4.629,3.1,2
8.724,3.024,3.704,5.849,4.659,2
23.4,1.434,2.531,3.817,4.497,2
25.122,1.444,1.672,1.684,3.329,2
54.014,2.143,3.847,2.967,20.69,2
106.742,2.127,4.179,4.124,42.825,2
69.18,3.346,3.684,2.154,26.543,1
23.131,7.598,7.645,1.149,7.972,1
6.42,3.647,5.13,0.976,4.758,3
1.84,1.186,1.892,1.451,2.341,3
20.87,1.507,1.491,3.018,8.017,3
122.173,4.023,3.276,2.815,36.99,3
120.431,4.636,5.586,2.142,34.629,3
84.179,2.224,5.825,3.557,24.129,3
119.66,1.298,7.216,2.773,34.961,3
55.735,1.626,8.12,2.385,17.619,1
3.708,2.336,4.92,3.114,3.031,1
1.708,1.424,8.98,3.511,2.906,3
2.105,1.219,18.024,4.017,4.117,3
28.751,1.713,10.101,4.216,11.062,1
222.402,4.101,3.2,3.421,50.402,1
171.926,3.184,4.024,2.219,34.4,1
24.562,2.407,3.16,2.111,6.577,1
0.95,2.291,2.152,1.567,2.578,3
0.873,1.036,2.025,0.876,2.122,3
3.176,1.068,4.745,1.799,2.677,3
4.732,2.652,7.311,2.057,2.99,3
4.521,1.978,3.938,1.902,5.348,3
5.41,1.357,1.677,2.365,6.383,3
5.208,1.587,0.843,3.716,3.399,3
9.727,2.403,0.892,3.041,3.609,3
33.882,2.253,1.659,2.149,5.941,3
51.344,2.115,1.91,2.872,4.784,3
23.233,2.872,3.195,2.936,3.853,3
3.007,2.364,4.821,3.452,3.385,3
2.982,1.741,3.236,3.245,2.219,3
7.1,1.459,1.591,1.678,2.856,3
10.444,1.09,1.477,1.266,3.134,3
5.959,1.423,3.393,2.808,3.108,3
5.422,2.839,4.278,5.474,5.403,3
9.861,6.745,7.299,8.151,9.793,3
50.197,63.311,65.258,65.443,67.358,3
130.267,142.718,140.845,147.808,134.364,3
83.175,89.142,86.641,100.492,78.707,3
31.888,42.585,44.011,53.97,38.65,3
9.936,10.369,13.07,14.344,13.614,3
15.319,2.854,6.093,4.818,12.955,3
147.304,2.818,6.697,5.242,16.242,1
177.508,1.989,7.179,3.327,19.962,1
57.659,2.052,6.28,2.208,13.128,3
290.018,2.459,5.152,1.342,10.399,1
1438.332,6.569,7.321,6.24,22.901,1
894.299,16.849,16.408,18.591,29.043,2
230.179,20.787,21.608,33.462,20.851,2
307.789,11.946,12.751,23.107,8.427,2
230.724,34.368,33.056,36.087,26.155,2
110.918,75.884,75.904,78.975,69.684,2
58.28,46.961,47.761,47.115,45.595,2
7.258,5.616,5.903,5.047,5.885,2
2.731,1.89,1.557,2.601,4.189,2
2.562,1.857,1.438,2.721,3.804,2
2.373,1.055,1.297,2.544,3.498,1
3.865,1.669,1.698,2.913,4.266,1
12.251,1.801,1.939,2.003,9.466,1
40.945,0.775,1.774,2.04,30.066,1
38.669,1.423,2.266,4.164,30.933,1
13.077,2.794,2.102,7.884,11.744,2
8.934,2.92,3.049,6.86,5.739,2
174.263,2.933,6.549,5.055,64.513,1
305.123,4.438,11.763,7.548,114.811,1
142.002,3.895,8.259,5.565,54.321,3
15.665,2.27,3.692,4.037,6.528,1
32.591,1.909,4.2,5.838,13.62,1
123.998,2.091,6.567,7.045,43.129,1
116.05,2.385,8.28,6.151,41.072,1
25.292,4.128,6.594,4.973,12.511,1
5.138,4.568,4.875,4.152,6.98,1
5.651,3.873,4.821,2.143,5.061,3
6.668,8.211,9.867,4.178,5.537,3
15.382,13.1,15.562,8.088,11.558,3
137.657,5.49,10.167,6.144,51.626,3
148.898,2.433,8.524,4.73,56.547,3
41.671,2.932,7.867,4.939,23.546,1
11.429,7.21,11.302,11.386,12.604,1
13.217,12.013,16.939,13.94,12.298,2
25.449,6.464,8.936,7.244,8.086,2
40.402,2.917,5.878,5.942,5.64,2
46.169,3.81,7.691,6.589,4.414,2
38.126,3.47,6.454,4.211,4.065,1
28.539,2.909,7.925,4.257,4.782,1
13.661,2.626,6.867,4.596,3.579,1
10.495,1.678,2.496,3.888,3.166,1
15.505,1.521,0.935,2.111,2.526,1
8.204,2.661,1.543,4.919,4.626,1
5.654,3.744,2.434,5.482,10.076,3
6.227,3.177,3.001,3.571,10.054,3
6.164,3.48,5.581,3.954,5.046,3
73.552,4.53,8.99,4.988,25.655,3
167.824,3.829,7.34,5.101,52.069,3
99.126,2.457,3.42,5.306,32.26,1
84.551,2.264,2.331,6.12,30.074,1
62.601,2.616,3.382,6.294,19.708,1
27.632,1.9,3.678,4.364,5.627,1
31.865,2.88,2.736,3.474,5.299,1
21.623,14.898,13.612,15.779,10.825,1
29.257,31.999,30.838,35.204,19.69,3
21.028,20.796,19.735,23.578,14.344,1
13.087,9.695,8.076,11.679,6.979,1
45.347,9.612,8.607,12.518,8.586,1
50.475,5.228,4.965,10.198,17.04,1
20.821,3.664,3.067,6.332,15.808,1
4.944,2.409,2.608,3.804,6.187,1
5.868,4.934,5.419,6.767,6.069,1
4.915,7.043,6.918,7.56,4.763,1
2.137,4.411,4.15,4.166,2.21,3
1.138,1.49,4.928,2.072,1.864,3
2.469,0.998,3.502,1.747,2.961,3
7.601,1.928,2.557,2.853,3.678,1
11.235,3.466,3.376,3.729,5.5,1
7.816,3.808,3.346,2.496,3.987,2
3.7,5.211,5.871,3.192,3.569,1
4.919,6.305,7.153,3.351,4.289,2
5.637,3.213,3.241,3.013,3.834,2
6.204,2.958,1.11,2.489,3.719,2
4.506,4.617,1.141,3.564,4.469,2
6.741,8.201,4.423,8.245,7.484,2
208.766,215.474,218.893,229.486,183.402,1
643.713,665.562,675.576,695.797,571.621,1
297.16,316.974,304.702,316.369,261.962,1
20.689,19.994,15.713,16.467,14.366,1
6.276,3.67,5.226,2.583,3.6,3
5.72,2.778,6.342,3.562,5.49,3
176.617,171.629,171.822,190.174,162.95,1
361.317,349.016,353.853,386.942,325.02,1
175.484,168.713,170.898,184.103,152.68,1
11.686,12.62,11.626,11.67,9.932,1
2.388,2.392,2.799,2.501,3.817,1
2.523,2.915,2.683,4.02,4.018,1
2.389,2.181,1.779,3.208,3.748,3
2.41,1.746,2.381,2.836,3.233,3
3.928,2.384,4.704,6.518,4.485,3
3.161,1.922,3.24,4.385,4.522,1
2.875,1.179,1.698,2.419,4.567,1
3.906,0.658,1.653,2.012,4.784,1
6.951,1.142,2.527,1.507,5.929,3
6.802,1.939,2.788,1.342,4.253,3
4.55,0.965,2.13,1.207,2.855,3
5.147,0.588,2.615,1.367,3.766,3
5.487,4.471,4.225,3.95,5.007,3
5.042,7.306,5,7.358,5.167,3
3.359,3.956,2.573,6.016,2.73,3
2.608,2.196,1.641,2.515,0.983,3
4.471,4.586,3.822,3.189,4.567,3
11.329,6.027,7.271,7.913,10.866,3
26.675,11.914,16.864,20.593,20.458,3
37.072,22.339,20.985,31.206,27.958,3
224.099,243.952,279.519,266.445,206.477,3
1296.061,1433.441,1552.114,1511.876,1172.865,1
1941.355,2126.406,2234.254,2204.591,1725.477,1
919.367,990.344,1025.783,1022.246,816.886,1
34.411,32.027,37.281,35.351,30.324,3
4.643,2.622,3.811,2.581,1.522,3
3.296,2.131,1.799,1.505,1.265,3
3.585,1.244,1.509,1.588,2.887,3
4.182,1.902,4.001,2.473,4.219,3
2.826,2.654,4.568,2.859,2.1,3
3.54,2.405,3.34,2.709,2.952,3
6.589,3.973,5.212,4.159,5.044,3
6.924,3.743,4.064,4.281,4.939,3
8.879,3.617,2.286,2.562,4.576,1
14.431,5.005,4.241,4.114,5.895,1
116.659,6.073,6.175,7.753,7.541,2
296.761,7.5,6.316,10.305,9.702,2
195.532,7.069,3.941,8.393,17.72,1
36.817,4.091,2.552,3.809,14.793,1
4.871,4.587,5.678,3.846,7.293,1
7.309,5.474,7.354,5.641,7.523,1
7.39,2.695,3.65,3.911,8.45,1
11.333,3.373,3.519,4.733,11.428,1
69.57,7.211,7.628,8.059,10.542,1
125.895,7.93,9.351,7.234,6.223,1
31.847,4.204,6.482,4.747,4.53,1
8.788,6.731,10.498,7.604,9.343,1
14.514,8.937,12.852,10.424,12.199,1
30.927,6.102,13.749,13.51,11.057,1
30.925,2.69,9.327,8.185,4.107,2
7.151,1.381,2.115,2.578,1.196,1
4.588,2.044,2.018,2.905,2.826,1
77.7,3.297,4.68,4.473,14.301,1
375.496,3.326,6.56,5.896,38.518,1
300.313,1.574,5.5,3.908,18.966,1
46.315,2.672,4.12,3.501,3.329,1
35.795,4.96,4.59,4.043,5.675,1
24.408,5.28,3.098,3.543,4.419,1
7.535,6.143,5.239,7.64,7.172,1
14.273,7.267,9.498,14.125,11.885,1
10.952,3.844,7.456,10.078,9.441,1
3.197,0.917,2.585,3.429,4.369,3
4.244,2.52,3.803,3.955,5.015,3
7.895,4.127,6.625,6.747,5.716,3
6.975,3.827,8.349,7.041,4.084,3
11.732,2.828,10.097,9.006,6.515,3
78.46,2.521,5.876,8.455,32.073,3
177.792,3.873,4.881,7.86,90.463,3
161.691,5.265,6.645,8.618,89.139,3
47.448,5.091,6.067,9.307,23.815,3
71.631,4.615,6.305,8.555,19.219,3
56.527,5.343,4.812,6.214,19.07,3
19.293,5.771,5.511,3.416,12.02,3
12.596,6.363,5.268,2.418,8.315,1
9.243,3.367,2.093,2.159,3.876,1
5.038,1.53,5.193,1.314,3.514,3
10.011,1.258,5.649,1.092,9.166,1
13.146,1.413,3.6,2.022,11.901,1
4.347,1.855,3.228,3.617,4.973,3
2.893,3.494,4.737,10.904,6.147,3
5.228,4.773,5.084,15.608,10.956,3
7.643,4.284,6.286,17.033,11.219,3
12.893,5.444,13.569,13.792,15.552,1
31.416,5.656,12.565,7.067,11.444,1
70.173,4.223,6.272,4.571,6.081,2
56.759,5.588,7.026,9.021,6.073,2
160.918,5.104,4.643,8.985,5.371,2
283.743,2.385,3.252,5.064,2.544,2
272.118,5.408,10.253,10.038,2.086,2
190.488,7.891,13.686,10.865,3.835,2
44.041,4.454,5.41,5.363,5.353,1
4.331,3.47,2.716,4.022,3.492,1
2.766,3.947,4.421,3.723,2.619,1
4.564,4.038,8.632,4.015,3.574,1
5.68,3.693,7.104,2.932,4.255,1
3.496,3.39,2.941,2.31,3.572,1
2.741,2.39,2.389,1.748,2.589,1
3.311,1.172,3.644,1.575,2.289,1
30.607,2.272,5.49,4.179,4.58,1
115.942,3.949,7.706,6.9,8.156,2
206.617,2.67,4.866,5.681,9.043,2
195.566,2.93,4.81,6.2,7.875,2
137.935,3.351,7.533,4.731,5.053,2
138.047,2.121,5.279,3.162,5.07,2
131.79,2.5,3.321,2.748,5.126,2
131.941,3.135,3.217,4,5.126,1
29.081,2.443,4.893,4.977,4.454,1
63.146,3.899,7.779,5.339,7.806,1
160.103,3.218,6.451,3.786,12.044,1
113.846,1.689,2.811,3.998,12.611,1
74.981,0.939,1.176,3.006,8.441,1
122.638,1.772,1.684,2.587,12.659,1
214.954,2.983,2.872,5.366,16.496,2
115.992,3.219,3.815,7.303,7.802,1
13.781,2.449,4.21,4.559,4.051,1
41.15,2.333,3.281,2.159,13.639,1
128.551,3.932,4.329,3.643,12.397,1
536.554,6.211,5.668,5.579,6.348,1
533.25,5.894,4.295,5.145,3.92,1
35.408,3.909,2.511,4.902,4.56,1
6.498,3.857,2.155,4.523,3.785,1
3.989,2.209,1.758,2.258,2.733,1
2.385,1.02,1.547,1.545,2.191,1
2.703,1.693,1.925,2.66,4.318,1
4.002,1.809,1.674,2.603,6.133,1
3.209,1.264,0.867,1.807,3.773,1
3.439,1.674,1.171,2.06,2.38,1
16.926,1.567,1.601,1.534,2.886,1
17.372,1.611,2.383,1.511,2.831,1
7.034,1.851,1.939,2.224,3.62,3
6.143,2.212,1.338,2.644,5.159,3
8.29,1.772,1.753,2.063,7.442,3
8.835,3.179,5.969,4.027,7.999,3
10.534,6.6,12.358,8.683,11.415,3
8.07,4.472,8.059,6.114,7.412,3
2.396,1.042,2.243,0.891,1.621,3
6.534,1.241,1.998,0.997,1.742,3
13.029,1.795,1.583,1.882,2.51,3
10.609,1.451,1.534,1.996,4.006,3
13.022,2.7,3.599,2.835,8.974,3
12.357,3.787,6.519,3.117,7.361,3
54.306,7.609,10.703,8.186,10.222,3
115.378,23.275,27.986,30.711,32.298,3
43.618,17.842,21.119,24.289,25.717,3
25.595,3.797,7.014,5.274,9.271,3
78.471,2.129,4.339,2.222,7.369,1
86.589,2.535,3.966,1.628,10.557,3
29.39,1.688,9.387,3.637,12.689,3
11.407,1.859,12.375,7.299,9.374,3
12.658,2.759,10.278,8.134,9.735,3
17.818,3.447,5.574,5.78,13.741,3
8.932,2.802,3.916,3.858,6.868,3
11.727,2.403,4.958,3.453,8.706,1
36.119,3.612,7.317,5.635,18.87,1
137.566,7.125,12.629,7.306,49.689,1
249.181,5.027,9.844,4.232,91.729,1
234.601,2.6,5.111,3.484,86.363,1
87.265,2.101,3.365,4.591,29.765,1
82.18,2.808,5.044,7.213,5.222,1
53.584,7.071,11.054,10.29,4.917,2
11.686,12.058,15.749,10.614,8.689,2
12.444,11.516,17.913,11.781,13.086,1
7.269,4.924,9.207,8.48,7.155,1
6.925,4.454,6.102,8.273,7.329,1
9.48,4.726,9.396,9.744,11.871,1
12.244,6.418,13.135,11.092,15.269,1
11.978,6.031,8.18,7.468,14.708,1
9.089,3.295,2.716,5.645,13.441,1
5.357,2.268,2.114,5.56,7.936,1
6.763,1.214,2.863,4.984,10.369,1
8.644,1.585,4.943,3.462,14.245,1
4.911,2.295,4.646,2.962,9.908,1
7.428,3.42,7.217,5.022,14.138,1
9.815,3.07,7.29,5.78,14.195,1
4.421,1.655,2.167,3.595,6.18,1
2.736,1.457,1.22,3.613,6.53,1
2.939,1.531,1.281,3.194,8.458,1
2.691,2.134,1.936,2.3,6.307,1
7.579,4.045,3.433,4.986,11.264,1
8.326,4.699,3.626,5.618,9.955,3
7.485,3.094,3.305,5.499,5.577,3
9.375,1.801,2.186,4.71,7.42,3
41.227,3.526,2.871,4.681,21.085,3
148.843,5.101,6.198,6.317,64.841,3
219.711,3.483,7.63,5.877,81.762,3
134.566,1.711,7.061,3.851,37.258,1
18.658,3.463,6.502,4.606,8.418,3
11.274,3.017,5.406,4.789,8.706,3
13.444,6.347,5.759,7.309,7.772,1
52.993,11.032,8.169,11.546,16.915,1
91.659,5.149,3.908,6.338,24.505,1
34.111,3.001,2.368,4.724,12.482,1
5.007,2.037,1.975,4.9,4.513,3
4.045,1.397,3.016,4.459,4.544,3
18.544,1.889,4.964,3.853,9.538,1
62.349,1.883,4.908,3.338,22.357,1
52.282,1.595,3.764,2.604,17.027,1
11.349,3.11,6.295,5.306,5.33,3
12.062,7.091,12.958,17.755,20.925,1
21.339,4.452,10.234,14.226,24.273,1
113.241,1.589,6.088,5.838,11.34,2
144.547,2.274,4.169,4.824,5.257,2
21.034,7.233,13.569,8.467,14.702,2
8.554,7.328,15.562,8.993,22.314,2
9.965,5.225,9.007,6.679,15.41,1
11.748,6.56,7.22,6.414,9.764,1
13.479,7.012,9.644,11.853,11.462,1
7.887,3.749,8.36,8.756,6.983,1
2.792,1.802,4.706,3.549,2.672,1
4.599,1.518,3.07,2.776,1.909,2
6.1,2.045,4.262,4.239,2.762,2
6.667,3.606,4.729,5.356,3.587,1
4.889,3.332,4.691,3.16,3.654,1
3.734,2.772,4.998,3.314,4.102,1
5.126,3.066,4.414,4.226,4.275,1
3.885,3.163,3.991,4.188,3.404,1
2.742,3.051,3.499,3.731,2.41,1
3.515,3.101,3.827,3.554,1.542,1
3.977,2.91,5.194,3.687,2.183,2
2.828,1.791,2.762,1.571,5.1,1
4.881,1.233,1.51,1.255,11.192,1
14.041,1.64,1.426,2.773,14.141,1
58.765,2.658,1.965,10.698,46.796,1
59.464,2.722,1.831,11.894,58.947,1
21.995,1.882,4.009,3.247,18.692,1
10.483,2.41,6.249,4.176,7.704,3
3.415,2.485,3.111,5.66,3.64,3
58.858,2.337,3.314,5.772,15.771,3
150.941,15.028,19.652,26.024,48.514,3
836.168,48.824,33.795,45.829,76.22,3
7779.551,67.062,35.838,45.24,85.409,1
11333.788,17.063,20.425,15.493,51.775,2
3010.298,30.817,34.191,41.82,85.553,2
12.114,4.005,8.207,1.625,4.386,1
6.717,2.087,5.002,2.645,2.001,1
13.771,1.264,3.357,1.693,3.875,1
11.265,2.154,2.022,1.795,4.969,3
2.89,1.52,2.218,2.415,3.023,3
1.711,2.148,6.346,1.333,2.699,3
2.996,1.995,11.646,1.948,2.222,3
79.203,1.067,10.832,4.252,17.565,3
110.287,3.092,7.09,4.451,25.429,3
39.803,4.371,4.437,5.089,11.346,3
56.805,2.173,6.028,3.843,16.287,1
85.546,4.131,6.275,3.588,25.162,1
41.656,10.748,6.285,6.015,17.265,2
12.644,11.867,6.85,8.696,11.317,1
59.762,7.684,5.905,9.874,29.588,1
192.382,9.075,11.911,14.908,85.495,2
102.883,14.284,22.068,17.666,51.018,2
80.224,45.612,63.355,51.736,74.018,1
72.454,41.614,57.298,50.205,99.684,3
5.22,3.292,4.697,7.093,45.135,3
2.055,3.348,1.459,3.986,12.372,3
3.868,4.873,2.878,4.199,2.815,3
4.802,4.401,3.317,3.811,2.942,3
4.235,3.497,4.546,6.794,3.562,3
4.181,3.432,5.521,7.45,3.994,3
2.445,2.025,3.081,3.419,3.686,3
1.436,1.344,1.16,1.573,3.089,3
2.512,2.042,1.461,1.708,3.437,3
2.943,1.883,2.099,2.244,3.461,3
1.491,1.035,1.589,2.306,3.489,3
1.247,1.644,1.289,2.531,3.94,3
0.982,3.273,2.12,2.752,1.089,3
1.738,3.145,3.856,2.361,1.383,3
4.524,3.355,4.338,1.945,2.638,3
23.841,2.815,3.569,1.437,6.207,3
63.509,2.175,4.743,1.017,12.542,3
25.39,2.313,4.284,1.778,6.448,1
3.832,3.475,1.654,2.92,5.031,2
3.667,4.707,1.241,3.34,4.811,2
13.333,5.97,6.509,4.251,7.157,2
16.133,5.469,18.575,4.719,9.219,2
11.704,7.205,19.686,4.362,8.914,2
7.847,8.435,9.841,5.022,6.347,2
5.98,5.949,7.188,7.382,5.24,2
6.505,2.055,4.732,6.544,5.837,2
5.356,1.046,3.782,3.892,6.483,2
3.712,1.806,3.895,5.267,5.145,2
12.271,4.806,4.371,9.62,6.6,2
46.958,4.071,5.316,7.221,27.432,2
65.554,3.633,20.325,5.543,46.603,2
35.525,4.987,40.17,12.726,27.643,2
249.096,10.756,23.319,14.203,56.656,2
530.579,11.243,15.183,12.021,123.165,2
590.367,8.93,13.076,19.707,173.175,2
474.804,6.943,12.456,20.807,154.956,2
170.846,3.612,6.12,14.721,55.093,1
285.19,9.984,10.404,25.067,86.801,2
412.778,11.869,11.892,15.654,122.409,2
223.512,5.821,4.994,5.244,76.374,1
173.139,6.249,4.018,5.542,61.139,1
178.198,5.331,7.459,7.549,61.374,1
57.021,3.377,7.415,12.55,25.268,1
5.002,2.838,3.371,8.648,6.017,1
71.126,2.156,2.372,5.414,14.594,2
146.049,12.228,12.906,29.814,28.447,2
134.868,83.661,80.923,115.077,72.339,2
138.346,128.195,122.112,136.093,109.434,2
64.419,61.551,54.934,50.23,47.93,2
14.508,19.841,9.704,14.555,12.039,2
15.087,18.166,10.407,15.193,12.641,2
22.32,9.712,8.126,13.807,10.705,2
74.667,6.164,4.388,8.151,14.523,2
66.801,6.471,7.135,10.639,17.576,2
33.124,8.966,12.701,16.412,25.786,1
92.078,8.157,9.548,15.365,49.841,3
148.787,6.391,9.409,9.343,72.625,3
64.565,7.606,7.364,5.269,31.339,3
220.064,6.63,7.393,10.449,65.425,3
291.26,5.338,11.267,12.978,88.693,3
42.862,2.97,9.721,6.842,20.782,3
3.277,2.474,5.561,5.13,5.068,3
3.817,3.362,4.316,4.613,5.365,3
6.509,3.257,3.264,3.724,6.762,3
8.098,3.233,2.817,5.082,11.054,3
5.575,1.586,1.818,11.282,11.296,3
4.611,0.753,1.335,9.738,8.154,3
5.511,0.86,1.001,3.333,7.797,3
24.154,4.056,3.205,2.339,12.631,3
83.745,16.396,25.135,13.021,36.725,3
65.972,21.77,34.335,25.28,35.566,3
32.113,15.047,17.371,17.372,21.51,3
15.721,5.806,3.841,3.766,11.036,3
70.791,2.931,4.645,2.336,18.357,3
114.063,5.037,6.482,4.759,28.809,3
170.686,4.209,5.648,5.732,46.327,3
235.59,2.419,5.708,3.98,65.819,3
67.085,4.897,7.193,4.963,26.728,3
23.071,8.845,7.508,6.988,17.463,1
15.227,6.813,5.088,6.358,12.394,2
7.882,2.539,3.361,3.49,7.259,2
17.5,1.144,3.326,0.929,10.65,1
44.923,0.893,4.147,0.872,10.897,1
53.687,2.202,7.695,2.629,9.725,3
33.751,7.999,11.893,6.329,13.181,3
65.219,17.337,22.883,7.525,31.866,3
143.857,35.834,34.435,9.169,77.352,3
244.184,43.757,34.026,10.25,118.306,3
174.58,26.886,21.337,13.013,79.392,3
125.059,97.068,102.724,102.268,108.661,3
118.191,99.805,107.751,111.689,109.32,3
30.118,23.221,27.033,29.781,29.03,3
3.789,2.251,4.453,7.499,4.856,3
5.701,3.702,5.872,16.671,9.126,1
6.796,2.842,6.441,10.512,9.38,2
6.773,1.626,8.038,5.602,5.872,2
9.901,1.876,7.387,3.719,4.115,2
14.031,2.317,3.195,4.428,6.556,2
8.074,5.219,2.901,6.736,8.111,2
5.459,11.978,2.7,8.3,9.017,2
5.687,13.805,2.059,6.955,7.112,2
6.381,8.652,5.701,6.625,3.667,2
5.93,4.224,5.251,4.63,4.274,2
6.527,2.508,7.902,3.55,4.899,2
32.415,5.105,15.757,3.063,10.787,2
94.074,5.904,12.385,5.582,27.91,2
103.09,8.332,10.302,13.23,33.219,1
114.332,11.909,10.477,11.21,35.695,1
52.908,10.264,10.053,7.196,18.807,1
7.211,11.708,13.096,11.32,4.106,1
4.184,13.199,27.472,7.6,3.533,1
2.077,8.31,35.738,4.144,3.11,3
1.783,2.943,14.613,1.933,1.351,3
19.906,1.855,1.305,0.671,8.783,1
42.727,2.632,1.164,1.192,16.524,1
22.422,1.947,1.069,2.214,8.834,1
2.84,0.973,1.496,2.502,3.054,1
4.123,2.569,3.041,3.059,4.484,1
4.61,3.154,3.146,2.842,7.245,1
2.832,2.878,2.326,2.101,11.032,1
2.932,3.232,3.287,3.535,9.861,1
9.675,8.986,9.135,12.225,9.359,1
7.056,6.532,5.164,7.613,6.483,1
3.05,2.82,1.796,3.859,6.137,1
6.749,6.437,5.983,7.68,9.592,1
35.347,36.335,28.99,33.835,38.289,1
63.319,72.386,47.19,65.209,66.281,1
45.243,53.486,32.853,48.294,44.391,1
10.061,14.799,10.432,11.763,9.007,1
1.822,3.285,3.886,2.52,3.896,3
2.859,3.144,3.185,2.64,4.706,3
3.455,3.876,4.326,2.801,3.407,3
2.177,2.356,4.621,2.556,2.197,3
2.645,0.999,1.85,3.395,3.046,3
3.03,1.306,2.984,5.181,3.924,3
8.424,4.854,8.349,10.57,9.105,3
20.141,14.916,11.242,16.194,14.75,1
23.147,16.017,10.464,11.82,12.337,2
11.533,8.335,10.658,7.034,5.891,1
9.821,4.656,7.863,7.688,3.763,1
5.95,3,5.85,7.608,3.029,1
2.383,2.154,2.516,5.449,2.138,1
2.156,1.063,1.541,20.312,2.842,1
4.477,1.746,2.547,26.816,7.009,1
6.81,3.056,2.249,12.142,7.063,2
11.318,6.801,4.288,7.482,8.378,2
9.867,6.146,3.343,6.438,10.139,2
8.084,4.253,1.144,2.628,11.562,2
8.55,3.678,1.183,2.377,10.52,1
7.268,1.763,2.443,2.189,6.706,1
4.198,2.107,3.79,2.661,5.184,1
3.271,3.262,3.033,3.537,5.883,1
4.269,5.13,4.565,5.076,5.761,1
3.138,3.993,6.209,4.549,4.065,1
3.844,1.132,2.448,3.114,1.549,3
8.436,1.633,1.208,4.231,2.942,3
9.74,2.551,0.477,3.736,4.078,3
5.203,2.594,0.995,2.17,3.126,3
5.114,4.346,4.489,3.533,5.43,3
26.376,23.597,20.389,21.032,19.502,3
48.091,42.925,32.706,37.624,30.783,3
23.1,19.321,13.265,17.138,14.333,3
2.978,0.906,1.506,1.115,1.658,3
43.845,1.47,2.059,1.282,1.414,1
108.91,1.796,2.751,2.022,3.391,1
112.714,57.686,56.824,64.424,44.94,1
414.126,471.962,471.5,506.241,364.481,1
446.369,494.125,487.929,502.4,375.869,2
136.557,158.939,139.961,141.964,110.175,2
5.496,16.316,7.095,7.434,5.166,2
10.202,14.595,13.392,17.292,8.224,2
64.97,71.257,63.952,84.429,47.676,2
104.537,105.634,103.768,123.636,76.486,1
88.945,49.833,52.595,54.772,37.081,2
54.526,3.507,3.546,8.159,6.822,1
27.951,2.481,6.883,4.109,9.594,1
18.772,3.374,10.596,3.344,6.777,1
4.945,7.081,6.289,3.349,1.786,1
4.342,11.44,2.812,5.274,6.017,1
6.253,3.675,2.758,6.234,8.709,1
5.975,1.431,2.192,4.347,5.831,1
5.908,1.689,2.562,2.396,4.245,1
3.182,0.989,1.75,3.064,2.366,2
2.376,2.301,1.387,3.481,1.517,2
2.705,3.906,2.691,2.823,1.922,2
4.509,4.594,3.937,4.871,3.497,2
5.109,4.199,3.811,5.011,4.984,2
3.365,2.256,3.199,2.832,3.424,2
1.72,1.265,3.809,1.635,1.478,2
2.212,1.911,7.289,1.677,1.74,2
4.676,3.645,7.098,2.512,1.95,2
5.803,4.008,3.196,4.444,3.55,2
11.512,6.416,5.068,8.698,7.787,2
13.261,8.07,8.514,10.064,8.277,1
12.541,10.286,13.94,9.529,11.699,1
19.889,9.542,10.461,10.2,13.158,1
13.309,4.648,4.772,6.947,8.149,2
3.386,1.541,1.993,2.5,4.119,2
1.55,1.266,2.339,1.175,2.348,2
2.111,3.071,4.428,2.742,2.601,2
7.428,6.47,9.757,7.478,6.925,2
11.313,8.177,11.323,9.59,10.816,2
11.06,13.719,8.665,6.584,7.794,2
6.031,8.15,5.725,3.643,4.726,2
8.544,4.51,4.021,4.831,6.739,1
65.912,10.856,10.05,9.7,32.498,1
92.118,13.365,35.215,7.337,40.299,3
21.161,6.926,30.02,6.261,11.033,3
3.936,3.678,10.437,7.135,4.802,3
7.647,1.249,4.45,3.89,4.669,1
97.778,2.274,1.807,7.549,33.763,2
164.716,3.817,1.021,15.796,50.96,2
71.482,3.393,1.365,13.496,22.756,2
65.104,2.962,3.321,6.167,24.905,2
116.441,1.986,3.121,1.807,38.447,2
32.646,1.225,1.558,2.325,12.603,1
3.819,0.982,1.13,3.359,3.716,1
3.487,1.404,1.174,2.992,2.657,1
3.326,3.389,2.399,2.421,2.51,1
4.778,5.869,3.684,6.483,6.371,1
6.019,8.839,6.973,11.891,9.594,1
3.539,5.504,6.473,6.743,5.592,1
1.383,1.185,2.888,1.735,1.63,1
1.646,1.226,2.652,6.202,1.682,1
3.018,2.317,4.399,12.542,3.526,1
3.453,2.113,3.98,7.894,4.288,1
2.72,1.258,1.978,2.584,3.11,3
2.085,1.076,1.033,2.687,1.859,1
2.745,1.805,1.359,1.631,1.283,1
2.889,3.842,1.589,2.387,0.824,1
4.059,4.172,2.048,3.422,2.179,1
5.951,2.314,2.244,5.594,4.188,1
5.642,1.892,2.698,5.32,3.468,1
4.268,1.91,2.652,3.153,3.038,1
4.727,2.992,4.459,4.064,4.301,2
7.65,5.666,11.087,11.853,10.574,2
10.12,9.724,15.761,14.763,14.421,2
10.085,8.998,12.725,10.443,10.484,2
7.102,4.133,6.837,5.175,6.171,2
8.521,3.902,7.547,8.906,8.468,2
6.472,2.77,3.829,7.323,9.352,2
5.848,2.745,1.771,3.719,6.019,2
5.213,2.853,1.932,2.767,3.002,2
2.656,3.717,3.343,2.311,3.41,2
3.355,3.12,2.562,3.141,4.114,2
4.747,2.135,1.959,3.95,4.351,2
4.259,2.684,2.959,4.957,3.283,2
36.583,1.966,2.453,3.837,15.251,2
182.675,2.058,3.776,2.896,43.665,2
263.292,7.156,10.255,5.847,34.448,2
74.378,12.053,13.593,9.776,10.231,2
25.256,7.442,6.07,6.192,15.565,1
33.299,3.188,2.076,1.607,19.057,1
17.377,1.4,1.982,1.22,10.961,1
2.362,1.032,2.162,1.537,3.944,3
5.07,4.154,5.107,4.048,7.828,3
7.814,7.24,8.174,5.811,11.962,3
16.425,3.938,4.422,2.905,11.249,3
35.487,1.403,2.038,2.316,15.221,3
14.686,1.481,2.65,2.543,8.13,3
4.661,2.111,2.896,3.784,7.033,3
4.022,2.471,1.867,4.58,6.374,3
2.919,1.924,1.193,3.033,3.862,3
5.754,5.733,5.208,7.216,5.844,3
5.458,6.482,6.372,8.363,6.052,3
17.992,3.435,3.526,4.435,8.736,3
142.731,6.414,5.911,9.074,48.138,3
405.127,10.639,12.367,16.127,138.308,3
518.644,7.205,11.348,9.153,173.038,3
607.078,13.379,21.802,10.871,198.612,3
433.053,16.077,25.27,14.413,154.02,3
151.388,6.001,10.701,7.701,61.883,3
178.256,3.254,6.218,3.615,60.953,3
110.411,3.774,4.682,3.421,33.528,3
21.198,13.468,8.928,11.974,16.817,3
15.801,12.92,9.082,11.225,15.722,3
9.658,6.919,7.734,6.127,7.556,3
16.144,5.53,7.553,6.673,9.874,3
153.942,2.934,4.044,6.211,45.178,3
296.009,2.985,5.586,6.482,80.199,3
90.006,2.1,5.295,5.43,26.489,3
11.64,2.258,4.99,3.312,8.669,3
52.834,2.798,6.223,2.524,18.549,3
223.884,3.332,4.992,5.808,55.122,1
225.929,6.751,4.678,12.183,66.325,2
82.287,8.06,5.627,10.192,37.599,1
35.632,3.655,5.554,6.141,19.27,1
170.404,2.431,9.287,6.915,54.944,3
134.12,3.195,11.106,8.51,45.102,3
43.71,3.323,5.487,6.741,19.503,3
156.171,5.991,4.9,6.848,61.073,3
141.862,8.995,5.81,13.356,56.552,1
68.127,44.94,37.229,43.776,39.557,2
152.815,205.04,155.679,161.813,106.765,2
178.123,208.716,155.74,155.293,120.54,2
62,51.936,43.368,43.417,46.803,2
7.372,4.957,6.231,5.225,7.407,2
0.864,1.534,3.443,2.15,1.264,1
1.035,2.086,3.259,2.152,1.214,1
2.032,2.137,2.003,1.886,1.143,1
1.934,0.986,1.652,3.947,1.362,3
2.216,0.564,3.25,7.844,2.582,3
9.644,1.654,4.16,10.524,6.105,3
258.286,3.34,3.937,4.954,76.068,3
581.496,6.078,7.394,6.13,159.279,1
516.541,6.944,6.977,12.538,140.196,1
384.013,8.675,4.975,11.498,90.116,2
745.834,8.291,6.275,6.181,141.526,2
912.864,7.561,6.146,5.04,150.807,2
1438.499,19.73,15.217,10.398,211.204,2
1590.24,34.139,27.932,19.719,270.87,2
725.849,17.156,23.779,13.129,166.229,2
161.868,6.097,15.474,5.524,45.476,2
10.279,3.931,10.352,2.536,6.702,1
95.653,3.216,8.926,3.293,26.511,1
226.348,7.632,15.525,12.492,64.622,3
76.725,4.703,9.568,8.922,26.201,3
38.367,1.521,4.215,2.444,12.968,3
161.462,1.69,5.001,2.152,45.872,3
103.778,1.31,5.098,1.704,28.195,3
10.323,1.412,2.479,1.838,4.701,3
3.589,1.667,1.866,2.236,5.255,3
3.363,1.818,2.088,3.987,7.695,3
1.832,1.286,2.163,3.41,4.448,3
1.085,1.151,1.574,1.627,1.573,3
1.491,1.641,1.024,1.679,1.647,3
1.384,1.236,0.951,1.841,2.498,3
1.073,0.665,0.809,1.615,2.054,3
37.749,1.765,1.923,1.42,9.701,3
111.667,2.315,4.48,1.572,28.339,3
79.495,2.452,4.792,2.09,20.426,3
24.057,3.387,4.96,2.837,10.377,1
45.044,13.286,9.748,8.992,35.03,2
47.45,20.107,16.47,16.012,29.106,2
47.879,29.993,23.21,26.864,22.658,2
24.677,19.828,13.842,18.696,12.737,2
10.128,4.591,4.958,6.094,4.359,2
8.497,3.19,3.146,3.379,5.4,2
3.846,2.454,3.143,3.261,2.97,2
2.829,2.32,3.478,3.118,1.538,2
3.455,1.646,1.522,2.497,2.321,2
16.583,1.333,2.841,2.334,7.916,2
133.743,3.447,9.606,4.515,55.197,2
233.508,19.619,24.029,24.832,110.054,2
73.883,24.799,22.568,33.948,46.253,2
9.794,6.378,5.147,11.207,7.929,2
1.704,1.715,1.224,17.738,2.879,2
2.188,1.439,1.832,20.164,3.167,1
3.646,0.803,1.737,4.706,3.934,3
3.536,1.122,1.22,1.24,3.947,3
2.947,1.545,0.965,1.748,3.162,3
27.286,2.968,2.174,2.753,10.085,3
90.564,6.088,5.734,4.341,27.41,3
127.727,6.569,6.748,4.922,37.11,3
75.033,2.878,3.219,2.667,21.111,3
12.988,1.182,1.114,1.524,4.542,3
2.572,1.107,1.929,2.269,1.354,3
2.475,1.436,2.563,2.856,1.668,3
2.58,1.768,3.392,2.072,2.043,3
4.399,2.459,4.699,1.773,3.367,3
10.754,3.098,5.796,3.857,8.38,3
8.248,2.221,3.489,5.188,9.429,3
4.34,2.581,3.628,4.558,6.049,3
4.206,2.658,4.483,2.749,4.023,3
3.441,2.685,3.535,3.214,4.554,3
2.152,3.219,2.633,2.937,3.863,3
2.319,3.128,3.876,2.19,2.908,3
4.85,2.948,7.754,2.735,3.854,3
6.427,4.321,8.03,3.335,4.578,3
5.224,4.749,4.601,2.316,3.771,3
32.719,2.745,3.799,1.558,10.018,3
119.207,1.543,4.227,2.191,28.494,3
68.119,1.958,3.396,3.604,14.585,3
14.408,1.805,3.65,3.673,4.659,3
12.619,1.128,5.42,2.454,5.135,3
5.323,0.823,4.716,1.972,3.916,3
3.974,1.338,1.734,2.19,3.921,3
5.247,1.749,1.643,4.625,4.514,3
5.663,2.814,1.334,7.805,6.1,3
5.653,3.484,1.523,5.954,4.893,3
15.126,2.627,2.929,2.621,6.227,3
14.16,1.936,3.692,1.915,5.997,1
8.449,2.08,5.309,3.297,4.169,2
8.961,1.703,7.831,6.444,3.979,2
13.261,0.884,7.634,3.668,6.298,2
18.128,3.058,5.386,4.984,12.01,1
55.596,20.737,15.462,18.498,49.935,2
72.87,30.853,18.491,28.806,68.792,2
52.601,39.656,24.637,38.025,32.759,2
86.237,66.066,42.634,59.413,42.692,2
50.3,34.784,25.157,34.197,24.732,2
12.716,9.657,11.598,9.484,6.733,2
13.315,18.577,24.756,20.027,12.078,1
7.056,9.209,14.911,11.272,7.371,1
4.58,2.154,5.164,4.08,6.317,1
4.552,2.24,3.886,3.5,7.072,1
3.68,3.029,3.545,2.594,5.027,1
2.509,1.732,4.523,2.26,4.494,3
3.91,2.925,4.805,2.917,6.231,3
7.771,7.998,5.23,5.729,9.81,3
12.688,10.611,23.94,9.755,11.27,3
40.775,29.55,97.778,45.846,34.585,3
321.994,176.436,249.94,195.432,215.124,3
588.041,293.124,305.404,282.011,358.486,3
152.898,71.778,68.822,59.18,86.21,1
51.684,17.336,9.656,9.35,21.735,2
147.857,61.427,40.194,56.519,78.531,2
148.328,129.692,101.478,141.596,127.081,2
354.449,270.828,288.417,260.615,264.292,2
470.799,330.391,363.315,303.39,332.863,2
127.628,91.271,93.561,78.578,94.247,2
48.065,78.469,41.509,41.639,34.488,2
229.023,281.699,218.734,258.889,179.914,2
244.266,255.326,256.218,262.956,196.029,2
331.975,323.103,359.178,353.158,271.374,2
305.193,307.441,320.99,335.438,255.056,2
58.064,70.133,67.999,62.557,46.771,2
58.22,52.977,64.392,51.219,46.44,2
35.495,20.27,34.167,26.425,30.067,2
15.744,3.188,9.413,3.263,7.402,2
42.373,2.503,6.575,3.214,9.781,1
35.008,2.905,10.085,5.412,14.972,1
69.126,1.817,11.197,9.3,46.997,1
80.299,0.949,6.877,9.477,53.464,2
10.271,0.746,2.316,3.046,8.327,2
9.597,1.63,3.127,2.657,9.959,1
41.486,4.549,4.15,5.17,19.983,1
166.664,7.501,5.096,8.201,65.554,3
160.404,5.146,3.786,4.155,66.09,3
36.658,3.167,2.229,3.169,17.157,1
5.588,2.39,3.148,3.526,3.807,2
3.153,2.142,4.351,3.363,2.848,2
2.696,2.596,27.275,2.408,2.708,1
5.126,3.596,43.986,2.259,3.578,1
14.592,5.624,23.789,4.544,10.281,1
19.311,6.12,24.157,5.181,15.493,3
36.866,5.131,21.802,4.944,20.414,3
45.769,4.283,7.102,5.789,16.439,1
33.045,4.515,19.439,7.598,11.679,1
28.24,4.601,75.812,5.259,16.393,3
140.541,2.484,73.509,3.635,53.177,3
140.774,2.375,34.557,4.742,50.359,3
34.867,1.99,15.097,4.85,15.015,3
9.721,3.422,7.538,6.203,6.631,3
17.186,9.928,120.983,19.797,8.867,3
15.368,9.356,172.67,22.987,13.29,3
13.342,5.315,89.107,12.899,17.149,3
6.053,2.672,43.358,7.464,9.556,3
1.997,1.782,10.434,21.51,2.118,3
3.82,1.058,37.143,17.129,2.625,3
3.713,1.003,122.792,2.974,3.395,3
2.176,1.126,82.485,1.396,5.525,3
30.014,2.297,4.486,2.43,15.051,1
17.446,1.94,4.95,1.646,8.111,1
4.311,2.52,5.709,3.149,3.875,1
4.318,2.452,5.907,3.552,3.743,1
5.676,1.481,2.863,3.914,5.278,1
4.27,1.354,5.93,4.909,8.098,3
3.823,1.203,8.438,4.405,7.807,3
3.869,0.969,5.3,4.56,6.773,3
4.814,1.17,7.602,4.887,4.07,3
8.54,2.183,17.954,4.068,2.857,3
10.701,3.48,16.438,3.063,3.767,3
8.547,2.214,4.707,1.238,3.901,3
12.443,2.003,4.941,1.43,4.545,3
9.246,4.178,5.668,2.51,3.494,1
6.968,6.963,4.209,4.87,2.378,1
8.04,7.092,4.175,5.345,1.26,1
10.97,5.054,3.117,4.141,2.03,3
11.471,2.913,2.447,4.486,9.216,3
13.815,1.751,2.994,3.62,12.913,3
10.682,1.057,4.315,2.067,7.502,3
5.19,0.656,7.346,3.483,6.798,3
6.258,1.538,4.974,4.026,10.342,3
5.811,2.082,2.363,5.059,6.837,3
7.233,1.965,2.57,5.395,4.4,3
6.416,2.179,3.969,3.093,2.651,3
6.422,1.825,2.669,2.596,2.385,3
4.512,0.752,1.465,2.286,2.239,3
2.332,0.914,0.947,2.185,2.383,3
2.98,1.106,1.116,1.905,1.748,1
2.168,1.322,1.843,2.437,1.828,1
2.415,1.532,2.421,3.066,2.413,1
4.253,1.527,2.435,2.624,2.504,1
